frame_num,abnormality_score
87,0.0
88,0.0
89,45.0
90,85.0
91,85.0
92,85.0
93,85.0
94,85.0
95,85.0
115,85.0
116,85.0
117,85.0
118,85.0
119,85.0
120,85.0
121,85.0
122,85.0
123,85.0
124,85.0
125,85.0
126,85.0
127,85.0
128,85.0
129,85.0
130,84.86162472062713
131,84.40441493770827
