{
  "falls": {
    "total_falls": 0,
    "avg_severity": 0.0,
    "max_severity": 0.0,
    "fall_frames": []
  },
  "impacts": {
    "total_impacts": 15,
    "avg_severity": 45.78960356918845,
    "max_severity": 61.3886409285485,
    "impact_frames": [
      91,
      92,
      93,
      94,
      95,
      115,
      116,
      117,
      118,
      119,
      120,
      121,
      122,
      123,
      124
    ],
    "events": [
      {
        "frame": 91,
        "severity": 60.79912439329568,
        "num_colliding": 1,
        "num_approaching": 1,
        "colliding_defenders": [
          {
            "id": 6,
            "distance": 95.25754563287887,
            "velocity": 12.010412149464313
          }
        ],
        "approaching_defenders": [
          {
            "id": 6,
            "distance": 95.25754563287887,
            "velocity": 12.010412149464313,
            "angle": 24.448099440385644
          }
        ],
        "collision_score": 0.0
      },
      {
        "frame": 92,
        "severity": 61.3886409285485,
        "num_colliding": 1,
        "num_approaching": 1,
        "colliding_defenders": [
          {
            "id": 6,
            "distance": 85.23496934944014,
            "velocity": 12.010412149464313
          }
        ],
        "approaching_defenders": [
          {
            "id": 6,
            "distance": 85.23496934944014,
            "velocity": 12.010412149464313,
            "angle": 28.693095604690424
          }
        ],
        "collision_score": 0.0
      },
      {
        "frame": 93,
        "severity": 60.96396873295245,
        "num_colliding": 1,
        "num_approaching": 1,
        "colliding_defenders": [
          {
            "id": 6,
            "distance": 77.6659513557904,
            "velocity": 11.25
          }
        ],
        "approaching_defenders": [
          {
            "id": 6,
            "distance": 77.6659513557904,
            "velocity": 11.25,
            "angle": 34.5085229876684
          }
        ],
        "collision_score": 0.0
      },
      {
        "frame": 94,
        "severity": 60.56584008605403,
        "num_colliding": 1,
        "num_approaching": 1,
        "colliding_defenders": [
          {
            "id": 6,
            "distance": 68.8839603971781,
            "velocity": 11.2527774349269
          }
        ],
        "approaching_defenders": [
          {
            "id": 6,
            "distance": 68.8839603971781,
            "velocity": 11.2527774349269,
            "angle": 40.97210350353104
          }
        ],
        "collision_score": 0.0
      },
      {
        "frame": 95,
        "severity": 40.84097268032322,
        "num_colliding": 1,
        "num_approaching": 0,
        "colliding_defenders": [
          {
            "id": 6,
            "distance": 65.79513659838392,
            "velocity": 9.762812094883317
          }
        ],
        "approaching_defenders": [],
        "collision_score": 0.0
      },
      {
        "frame": 115,
        "severity": 40.47520794984263,
        "num_colliding": 1,
        "num_approaching": 0,
        "colliding_defenders": [
          {
            "id": 6,
            "distance": 67.62396025078685,
            "velocity": 9.762812094883317
          }
        ],
        "approaching_defenders": [],
        "collision_score": 0.0
      },
      {
        "frame": 116,
        "severity": 41.83447493940356,
        "num_colliding": 1,
        "num_approaching": 0,
        "colliding_defenders": [
          {
            "id": 6,
            "distance": 60.8276253029822,
            "velocity": 9.762812094883317
          }
        ],
        "approaching_defenders": [],
        "collision_score": 0.0
      },
      {
        "frame": 117,
        "severity": 41.412704817952346,
        "num_colliding": 1,
        "num_approaching": 0,
        "colliding_defenders": [
          {
            "id": 6,
            "distance": 62.93647591023825,
            "velocity": 9.762812094883317
          }
        ],
        "approaching_defenders": [],
        "collision_score": 0.0
      },
      {
        "frame": 118,
        "severity": 42.120606076066004,
        "num_colliding": 1,
        "num_approaching": 0,
        "colliding_defenders": [
          {
            "id": 6,
            "distance": 59.39696961966999,
            "velocity": 9.762812094883317
          }
        ],
        "approaching_defenders": [],
        "collision_score": 0.0
      },
      {
        "frame": 119,
        "severity": 41.97835285828103,
        "num_colliding": 1,
        "num_approaching": 0,
        "colliding_defenders": [
          {
            "id": 6,
            "distance": 60.108235708594876,
            "velocity": 9.762812094883317
          }
        ],
        "approaching_defenders": [],
        "collision_score": 0.0
      },
      {
        "frame": 120,
        "severity": 41.97835285828103,
        "num_colliding": 1,
        "num_approaching": 0,
        "colliding_defenders": [
          {
            "id": 6,
            "distance": 60.108235708594876,
            "velocity": 9.762812094883317
          }
        ],
        "approaching_defenders": [],
        "collision_score": 0.0
      },
      {
        "frame": 121,
        "severity": 42.11723937798964,
        "num_colliding": 1,
        "num_approaching": 0,
        "colliding_defenders": [
          {
            "id": 6,
            "distance": 59.413803110051795,
            "velocity": 9.762812094883317
          }
        ],
        "approaching_defenders": [],
        "collision_score": 0.0
      },
      {
        "frame": 122,
        "severity": 42.25436251197918,
        "num_colliding": 1,
        "num_approaching": 0,
        "colliding_defenders": [
          {
            "id": 6,
            "distance": 58.728187440104094,
            "velocity": 9.762812094883317
          }
        ],
        "approaching_defenders": [],
        "collision_score": 0.0
      },
      {
        "frame": 123,
        "severity": 34.086185699369395,
        "num_colliding": 1,
        "num_approaching": 0,
        "colliding_defenders": [
          {
            "id": 6,
            "distance": 99.56907150315303,
            "velocity": 38.017265814363874
          }
        ],
        "approaching_defenders": [],
        "collision_score": 0.0
      },
      {
        "frame": 124,
        "severity": 34.02801962748811,
        "num_colliding": 1,
        "num_approaching": 0,
        "colliding_defenders": [
          {
            "id": 6,
            "distance": 99.85990186255943,
            "velocity": 35.78407467016578
          }
        ],
        "approaching_defenders": [],
        "collision_score": 0.0
      }
    ]
  },
  "risk": {
    "avg_risk": 26.548226964682947,
    "max_risk": 36.153547737423196,
    "min_risk": 0.0,
    "total_frames": 26,
    "high_risk_frames": 0,
    "medium_risk_frames": 10,
    "low_risk_frames": 14,
    "timeline": [
      {
        "frame": 87,
        "risk_score": 0.0,
        "risk_level": "LOW",
        "fall_severity": 0.0,
        "impact_severity": 0.0,
        "motion_abnormality": 0.0,
        "injury_history_score": 0.0
      },
      {
        "frame": 88,
        "risk_score": 3.7772430558982553,
        "risk_level": "LOW",
        "fall_severity": 0.0,
        "impact_severity": 25.181620372655036,
        "motion_abnormality": 0.0,
        "injury_history_score": 0.0
      },
      {
        "frame": 89,
        "risk_score": 8.97776248557486,
        "risk_level": "LOW",
        "fall_severity": 0.0,
        "impact_severity": 27.096004483093566,
        "motion_abnormality": 45.0,
        "injury_history_score": 0.0
      },
      {
        "frame": 90,
        "risk_score": 14.077626104823437,
        "risk_level": "LOW",
        "fall_severity": 0.0,
        "impact_severity": 27.090723208563915,
        "motion_abnormality": 85.0,